{
    "sequence_length": 64,
    "latent_dim": 8,
    "threshold": 0.014115585945546627,
    "threshold_percentile": 99.0,
    "final_train_loss": 0.009879421501878708,
    "final_val_loss": 0.009981827926822007,
    "metrics": {
        "test_anomalous_samples": 500,
        "test_normal_samples": 1000,
        "true_positives": 500,
        "false_negatives": 0,
        "false_positives": 10,
        "true_negatives": 990,
        "precision": 0.9803921568627451,
        "recall": 1.0,
        "f1_score": 0.99009900990099
    }
}